precision,recall,f1_score
0.019433586547680508,0.08577473958333333,0.03168781191750346
